{"cameraMode":{"drawMode":0,"name":"Shaded","section":"Shading Mode"},"sceneLighting":true,"audioPlay":false,"sceneViewState":{"showFog":true,"showMaterialUpdate":false,"showSkybox":true,"showFlares":true,"showImageEffects":true,"showParticleSystems":true,"showVisualEffectGraphs":true,"m_FxEnabled":true},"in2DMode":false,"pivot":{"x":-0.21787786483764649,"y":-0.07358002662658692,"z":2.4570980072021486},"rotation":{"x":-0.15368402004241944,"y":0.20644772052764893,"z":-0.03285349905490875,"w":-0.9657604694366455},"size":5.147713661193848,"orthographic":false}