{"cameraMode":{"drawMode":0,"name":"Shaded","section":"Shading Mode"},"sceneLighting":true,"audioPlay":false,"sceneViewState":{"showFog":true,"showMaterialUpdate":false,"showSkybox":true,"showFlares":true,"showImageEffects":true,"showParticleSystems":true,"showVisualEffectGraphs":true,"m_FxEnabled":true},"in2DMode":false,"pivot":{"x":-0.7422728538513184,"y":0.4273505210876465,"z":2.3503875732421877},"rotation":{"x":-0.21247857809066773,"y":0.13783593475818635,"z":-0.030290311202406884,"w":-0.9669232964515686},"size":5.147713661193848,"orthographic":false}