{"cameraMode":{"drawMode":0,"name":"Shaded","section":"Shading Mode"},"sceneLighting":true,"audioPlay":false,"sceneViewState":{"showFog":true,"showMaterialUpdate":false,"showSkybox":true,"showFlares":true,"showImageEffects":true,"showParticleSystems":true,"showVisualEffectGraphs":true,"m_FxEnabled":true},"in2DMode":false,"pivot":{"x":0.17637205123901368,"y":0.5140781402587891,"z":1.2291749715805054},"rotation":{"x":-0.04316437616944313,"y":0.7139669060707092,"z":-0.044186193495988849,"w":-0.6974534392356873},"size":3.047713279724121,"orthographic":false}